"Line","Char"
"1","{"
"1","}"
"2","{"
"2","}"
"3","{"
"3","}"
"4","{"
"4","}"
"6","{"
"6","}"
"7","{"
"7","}"
"9","{"
"11","}"
"15","{"
"17","{"
"20","{"
"20","}"
"22","}"
"24","}"
"27","{"
"32","{"
"33","{"
"33","{"
"33","}"
"33","}"
"34","{"
"34","{"
"34","}"
"34","}"
"35","}"
"37","{"
"38","{"
"38","}"
"39","{"
"39","}"
"40","}"
"46","{"
"47","{"
"47","}"
"48","{"
"48","}"
"51","{"
"57","{"
"57","}"
"57","{"
"57","}"
"58","{"
"58","}"
"62","{"
"62","}"
"65","{"
"65","}"
"66","}"
"66","{"
"69","}"
"69","{"
"71","}"
"72","}"
"74","{"
"75","{"
"77","{"
"78","{"
"78","}"
"78","{"
"78","}"
"79","{"
"79","{"
"79","}"
"79","}"
"81","}"
"82","}"
"83","}"
"85","{"
"85","}"
"86","{"
"86","}"
"86","{"
"86","}"
"92","{"
"93","{"
"93","}"
"93","{"
"93","}"
"97","{"
"98","{"
"100","{"
"100","}"
"101","{"
"101","{"
"101","}"
"101","{"
"101","}"
"101","{"
"101","}"
"101","}"
"104","}"
"104","{"
"106","}"
"107","}"
"107","{"
"109","}"
"111","{"
"116","}"
"117","{"
"117","}"
"118","}"
"120","{"
"122","{"
"123","{"
"123","}"
"123","{"
"123","}"
"124","{"
"129","}"
"130","}"
"131","{"
"131","}"
"132","}"
"136","{"
"136","}"
"142","{"
"142","}"
"144","{"
"145","{"
"145","}"
"145","{"
"145","}"
"146","{"
"146","{"
"146","}"
"146","}"
"146","{"
"146","}"
"147","}"
"151","{"
"151","}"
"152","{"
"156","{"
"156","{"
"156","}"
"156","}"
"156","{"
"156","}"
"161","{"
"161","}"
"161","{"
"161","}"
"166","{"
"166","}"
"166","{"
"166","}"
"169","{"
"169","}"
"169","{"
"169","}"
"170","{"
"170","}"
"174","}"
"176","{"
"176","}"
"177","{"
"182","{"
"182","}"
"184","{"
"184","}"
"186","{"
"186","{"
"186","{"
"186","}"
"186","}"
"186","}"
"188","{"
"189","{"
"189","}"
"191","{"
"191","}"
"192","{"
"192","}"
"192","{"
"192","}"
"194","{"
"194","{"
"195","{"
"195","}"
"195","{"
"195","}"
"198","{"
"198","}"
"199","{"
"199","{"
"199","}"
"199","}"
"200","{"
"200","}"
"200","{"
"200","}"
"203","{"
"203","}"
"204","{"
"204","}"
"205","{"
"208","{"
"208","}"
"209","{"
"209","}"
"210","{"
"210","{"
"210","}"
"210","}"
"212","}"
"216","}"
"216","}"
"218","}"
"221","{"
"221","}"
"225","{"
"225","{"
"225","}"
"225","}"
"225","{"
"225","}"
"226","{"
"226","}"
"230","{"
"231","{"
"231","{"
"231","}"
"231","{"
"231","}"
"231","}"
"232","{"
"232","}"
"233","{"
"233","}"
"235","{"
"235","}"
"236","{"
"236","}"
"237","{"
"237","{"
"237","}"
"237","}"
"237","{"
"237","}"
"239","}"
"243","{"
"243","}"
"246","{"
"246","}"
"247","{"
"247","}"
"248","{"
"248","}"
"255","}"
